Job,Skills,Label
Software Engineer,brand rapidly growing time add production teamwe looking enthusiastic software engineer fits company,Machine Learning
Data Engineer,brand rapidly growing time add production teamwe looking enthusiastic data engineer fits company culture,Machine Learning
[ AWS Sr. Developer/Architect]-Senior Software Engineer,create technical components designed solution engineerhowever applies intelligence works solution engineer change designs,Machine Learning
Machine Learning Engineer,run machine learning tests experimentsdevelop machine learning applications according requirementsfamiliarity machine learning frameworks like,Machine Learning
Machine Learning Engineer - Remote for a UK AI Startup,first two machine learning engineers supporting production systems scale based open source enterprise machine learning products,Machine Learning
Machine Learning Engineer,designing developing machine learning deep learning systemsrunning machine learning tests experimentsrun machine learning tests experiments,Machine Learning
Machine Learning Engineer,real time experience building machine learning models deployment production environmentsoftware developers ibm backbone,Machine Learning
Applied Machine Learning Engineer,advanced knowledge programming languages used machine learninghigh level statistics abilitypreferably python r restricted,Machine Learning
Machine Learning Engineer,python machine learning deeplearning phpcreating supervised neural network based semi supervised ml models search recommendation,Machine Learning
Machine Learning Engineer,proficiency python basic libraries machine learningwe hiring experts machine learning help us extract value data,Machine Learning
Machine Learning Engineer,aizant global analytics looking expert machine learning help us extract value datamanaging available resources hardware data,Machine Learning
Machine Learning Engineer - NLP/Computer Vision,experience scalable machine learning systems algorithm data structure nlp related machine learning deep learning algorithms,Machine Learning
Junior/Senior Machine Learning Engineer (Meltwater India),contribute design highly available highly scalable machine learning workflowsyou joining team 70+ engineers product designers,Machine Learning
Software Professional onsite Opportunity,data architects data scientists machine learning rpa developerswe hiring software professionals candidates consultants valid stamped h1b visa,Machine Learning
US Onsite Opportunity - Software Professionals,data architects data scientists machine learning rpa developerswe hiring software professionals candidates consultants valid stamped h1b visa,Machine Learning
US Onsite - Software Engineers,data architects data scientists machine learning rpa developerswe hiring software professionals candidates consultants valid stamped h1b visa,Machine Learning
Deep Learning Engineer - AI Research,perform cutting edge research deep learning machine learning natural language processingwork closely product management translate product,Machine Learning
Artificial Intelligence (AI) - ML Internship,inkers leading ai firm using deep learning models solve complex industrial business problemsinternship inkers hard senior engineers,Machine Learning
Testing/Sr. Testing Engineer,mobile programming llc started mission provide economic well efficient software solutionsdesign execute interface test cases,Machine Learning
Senior Machine Learning Engineer,design develop support machine learning deep learning models involvingstrong knowledge nlp tasks techniques ner training machine learning,Machine Learning
Machine Learning Specialist,ensure machine learning applications available productunderstand necessary data requirements implement machine learning applications,Machine Learning
Service Engineer - Xerox Machine,documenting customer case history spare parts consumption per machinestrong learning agility problem diagnosis problem solving skills,Machine Learning
"Associate Engineer - ADAS Data Labeling, Annotation",additional work location nonethis position within harman connected car division located bangalore indiawillingness travel 20,Machine Learning
Senior Consultant - Deep Learning Engineer,implementing custom machine learning codedeploying machine learning solutions productionexplain analyses machine learning solutions technical,Machine Learning
Senior Bioinformatics Scientist,extensive experience data mining cleansing data visualization machine learningin role get opportunity lead manage projects,Machine Learning
Software Engineer Fresher,good understanding machine learningshould good communication skills englishstrong knowledge core java big data,Machine Learning
Software Engineer II Onsite Opportunity USA,data architects data scientists machine learning rpa developerswe hiring software professionals candidates consultants valid stamped h1b visa,Machine Learning
Apps Systems Engineer 4,system encompass model learning also many practical challenges ml systems feature extraction feature definition data,Machine Learning
Data Engineer,knowledge machine learning deep learning neural networksas data engineer agrostar youll part data science team,Machine Learning
AI Engineer,position engineers strong interest good experience artificial intelligence cognitive computing machine learning related,Machine Learning
Engineer - Python/Machine Learning,hiring engineer python machine learning leading products services company client roljobs technology services pvt ltd,Machine Learning
Sr. Data Engineer,data engineer integral member business intelligence team genesys grouphe responsible effective data ingestion etl,Machine Learning
Support Engineer,one microsoft collaborate value work others combining learnings make better outcome customers,Machine Learning
DevOps Engineer,working understanding machine learning concepts aws tools like ec2 s3 bucketskills ci cd linux azure docker aws services jenkins s3 bucket ec2,Machine Learning
BCAI_Senior Data Scientist - Machine Learning,address largescale challenges machine learning development cycle especially around distributed training cloud data engineering,Machine Learning
Automation Engineer - Catalog,automation expert rbs work product technology operations teams drive automation deterministic rules set machine,Machine Learning
Analytics / AI/ML Engineer,excellent understanding machine learning deep neural networks dnn cnn ai architecture techniques frameworks tensorflow caffe etc,Machine Learning
Software Engineer 2,good understanding machine learning analytics engineering paypal work together small collaborative teams,Machine Learning
Specialist - Data Management,data engineer supports research experimentation implementation metrics multiple machine learning applied algorithms artificial intelligence,Machine Learning
Top Rankers – Research Engineers ( ML / AI) – Hard Problems,penchant learning grasping problem quicklyexperience machine learning personalization data mining search relevance natural language,Machine Learning
Founding Backend Engineer – Cassandra / ScyllaDB – $100K – $...,realtime insights machine learning streaming analytics extreme transactional processingwrite beautiful code earns respect fellow engineers,Machine Learning
IoT System Design Engineer,best opportunity electronics engineers build rewarding career iotresonating mindz wwwresonatingmindzcom industrial iot startup company,Machine Learning
Software Engineer- IBM Research,crafting new products service offerings based advanced text content analytics machine learning natural language processing watson,Machine Learning
Senior Software Engineer - Frontend,3 7 years relevant work experience web developer ui developer javascript expert frontend engineersound knowledge html css,Machine Learning
AI/Data Scientist (R programming),good algorithmic knowledge machine learning symbol sequence processing statistical pattern recognitionsalary 15 00000 30 00000 month,Machine Learning
Consulting Engineer,come join migration team gdc focusing sp enterprise technologies consulting engineer serviceswho work,Machine Learning
Vehicle Vision Software Engineer,familiarity open source vision sensor fusion machine learning frameworks opencv ros tensorflow pytorch caffe2 scikitlearn,Machine Learning
Senior Software Engineer,dell emc powermax business unit responsible building powermax storage system worlds fastest storage system delivers new levels,Machine Learning
Research Engineer - Intelligent Systems Lab,intelligent systems lab isl http vladleninfo lab seeking experienced software engineers interests artificial intelligence machine learning,Machine Learning
SOC Analyst,machine learning algorithms deep learningthe successful engineers work full time dynamic environmentlocation bangalore india cupertino ca,Machine Learning
Infrastructure Engineer - CIMD - Marcus by Goldman Sachs Eng...,join engineering teams build massively scalable software systems architect low latency infrastructure solutions proactively guard cyber,Machine Learning
Customer Success Engineer - Bangalore,harness uses unique machine learning aibased approach continuously verify performance quality security highly complex software systems,Machine Learning
DevOps Engineer,using machine learning streaming analytics predictive models goto cloud based petascale saas data management platform retail industry,Machine Learning
Software Engineer - UI,14 technology hubs worldwide team 40 000+ technologists design build deploy everything enterprise technology initiatives big data,Machine Learning
AppDynamics Devops Engineer,appdynamics application performance monitoring solution uses machine learning artificial intelligence ai provide realtime visibility,Machine Learning
Scientific Research – Data Scientist – R&D,understanding machine learning concepts like generalization regularization linear models neural network expertise using data build systems,Machine Learning
Software Quality Assurance Engineer,aim leverage cutting edge technologies big data machine learning optimization techniques operate high volume low latency high,Machine Learning
Senior Accountant,need full time accountant minimum 5 experience tally must vehicle timing 11 9 pm location work rawabhata,Accountant
Chartered Accountant (Min 1+ yrs Exp),job also widely searched chartered accountant ca ca finalist auditor tax auditor gst auditorworking knowledge tally erp 9,Accountant
Senior Accountant,b com work regularly accurate timely co ordination stafftotal work 1 year preferred r analysis 1 year preferred,Accountant
Accountant,department women child development sarkari naukri 2020 recruitment accountant vacancies 30 000 salary apply nowgovernment puducherry,Accountant
Senior Accountant,additional qualification specification proven working experience accountant amazons seller centralcoordinate complete annual audits,Accountant
Senior Accountant,maintain company accounts bangalore work shiftjob types fulltime parttime internship freshersalary 225 00000 400 00000 year,Accountant
Fleet Accountant,global leader ship management marine services add value vessels operationsoperating around clock around world v,Accountant
Associate Accountant,associate accountantresponsible accounting policies procedures involving maintenance precise general ledger analysis balance sheet accounts,Accountant
Senior Accountant,looking best accountant book keeping gstlooking senior accountant full time workdesired work experience 5+ years,Accountant
Senior Accountant,searching best accountant gst book keepinghanding accounts book keepingenglish languages must know reading writing,Accountant
Site Accountant,galacon looking site accountant mangalorehe site working experienceminimum 5 7 years experience,Accountant
Accountant/accounts Assistant,action social advancement asa national level ngo head quartered bhopal working livelihoods improvement rural poor 1700 villages,Accountant
Accountant Lady,ecommerce distribution organisation focus headphonesjob involves maintaining recon stocks ledgers related entries,Accountant
Assistant Accountant & Time Office Executive,sybly industries limited textile manufacturing industry 25 years please refer wwwsyblycom details,Accountant
Senior Accountant,experienced accountant minimum 10 years experience industrial unit manage finalise accounting transactions,Accountant
Junior Accountant,documents financial transactions entering account informationsummarizes current financial status collecting information preparing balance sheet profit,Accountant
Junior Accountant,prepare asset liability capital account entries compiling analyzing account informationdocument financial transactions entering account,Accountant
Senior Computer Faculty,hear urgent required full time computer faculty for2d 3d animation graphics flash 3ds max maya vfx accountant tally + gst + advance excel,Accountant
Asst. Manager Accounts,looking asstmagaer accounts position preferably male candidateexperience 3 5 yearsknowledge tally gst esi pf must,Accountant
Senior Accountant,looking mid level experienced accounts finance professional manage day day activities also work overall books management right,Accountant
Senior Accountant,searching account person individually take care company account statutory knowledgehandling z accounts,Accountant
Account Manager,looking accountant good knowledge accounting concepts tally tdsscanning vendor invoices accounting vendor invoices,Accountant
Accountant,bcom mcom minimum work experience5yrs knowledge book keeping taxation statutory compliances tally tds pf esi gst etc,Accountant
Full Time Accountant,accounts manager handling complete accounts company data entry reports record keeping experience musttotal work 1 year preferred,Accountant
Sr. Accountant,salary 500 00000 600 00000 yeartotal work 1 year preferred,Accountant
Junior Accountant Executive,opening junior accountant executiveexperience 1 4 yearsctc rs 14 000 + 17 000 per montheducation qualification bcom mcom mba ca cwa,Accountant
Junior Accountant,preparation accurate financial accounts reports comply accounting principles practicesadministration accounts receivable accounts,Accountant
Senior Accountant for US Manufacturing factory,dear candidates greetings brykawe looking experienced talented accountants perform individually effectively handle team,Accountant
Financial Accountant,part time accountant sound knowledgesalary 2 00000 3 00000 monthtotal work 1 year preferred running errands bank deposits etc,Accountant
Accountant,urgent vacancy diamond jewellery accountantregular accounting sound knowledge tallysalary 20 00000 25 00000 month,Accountant
Senior Accountant,proven experience accountant senior accountantwe looking experienced senior accountant oversee accounting financial,Accountant
Accountant,looking male candidates onlyprovides financial information maintaining reconciling accounts preparing reports,Accountant
Executive Accounts,handle accounts payable accounts receivable independentlybank entry tally excelcash entry tallybcom account hounours mba finance,Accountant
Accountant for apparel Manufacturing Firm,position accountant handling daily billing bank reconciliation material maintenancefollow buyers payments,Accountant
Accounts Manager / Chartered Accountant,chinese based mobile application finance lending business corporate office bangalore handling india operations,Accountant
Senior Accountant,candidate must full knowledgeable tally gst esi pf return stock maintenence etc salary 18 00000 20 00000 month,Accountant
Tally Accounts Manager,strong statutory features usage knowledge tallyable communicate englishable present accounts tally product knowledge events,Accountant
Accountant Assistant,take opportunity introduce one leading electrical contractorswe undertake turnkey electrical works across india,Accountant
Accountant,salary 12 00000 15 00000 monthtotal work 1 year preferred internal audits policy adherenceinternal audits tax codes,Accountant
Accountant,masters india gst suvidha provider gsp appointed goods services tax network gstn government india enterpriseexperience 2 5 years,Accountant
Accountant(Taxation),immense pleasure inform excellent opportunity field accountant taxation profileexperience 5 years experience,Accountant
Accounts Executive,coordination internal external stakeholdermanage day day accounting operationindustry type real estate propertya bms management b,Accountant
Cost/Management Accountant,artifex hr hiring cost management accountant leading superspecialty hospital located aminjikarai chennasalary 35 00000 40 00000 month,Accountant
"General Cashier, Finance",prepare review reconcile issue bills invoices account statements according company proceduresposting date feb 25 2020,Accountant
Import Export Co-ordinator cum Accountant,monitoring following shipments maintenance customer relationswork customs agents warehouse staff shipping companies clients,Accountant
Accountant,publish financial statements timehandle monthly quarterly annual closingsreconcile accounts payable receivable,Accountant
Site Accountant,candidate experience 1 2 years accountant construction companysalary 20 00000 25 00000 month,Accountant
ACCOUNTANT,vacancy b com graduates paid assistants freshers also eligible apply work shall relate accounting gst income tax roc etc,Accountant
Accountant/ Cost Accountant Tech Grade A,career recruitment notification direct recruitment accountant cost accountant tech gradea overseer gradec amin grade junior chemist grade,Accountant
Chartered Accountant,caexperience 12 yearexperience statutory internal audit manufacturing companiesgood knowledge gst compliances auditpreparing filing,Accountant
Finance Executive,looking reliable finance executive analyze every day financial activitiesour ideal candidate demonstrate interest managing,Accountant
CA Inter (Experienced),hi immediate requirement ca inter chennai locationour accountants responsible maintaining accounts preparing financial statements,Accountant
Accountant,salary 60 thousand 1 lac 50 thousand paqualification bachelor degree caaccounting tally ms excel accountant accounts executive,Accountant
Assistant Accountant,candidate must knowledge tally erp 9 graduation completemale female applymin 3 years experience required,Accountant
CASHIER,leading mumbai distributor mnc fmcg companies corporate office princess street depots andheri east goregaon west mumbai,Accountant
Junior Accountant,require accountant data entry billing tally erpshould knowledge tally microsoft word excelsales purchase data entry,Accountant
Senior Accounts Executive (Female) - Ekkattuthangal),looking female candidates living within five six kilometers radius ekkattuthangal areasalary 20 00000 25 00000 month,Accountant
Senior Accountant,prepares records asset liability revenue expenses entries compiling analyzing account informationplan assign review staffs work,Accountant
Junior Software Programmer - .NET,understands develops software solutions meet end users requirementsability participate stages software development life cycle,Software Programmer
Senior Software Programmer - .NET,modifies upgrades applications maintain software functionalitycomplete knowledge software architecture design methodologies,Software Programmer
Software Programmer,fresher opening java developerexp 0 1 yrsstrong knowledge core java spring hibernate web servicesgood attitude communication skills,Software Programmer
SOFTWARE PROGRAMMER - TRAINEE,industry type itsoftwaresoftware serviceskeywords java sql core javaj2ee development including application servers like jboss tomcat etc,Software Programmer
Fresher-Programmer,fresh graduates strong programming knowledge apply thisbe mca msc bsc graduates good academic credentials preferred,Software Programmer
Software Programmer,deploying software tools processes metricsresearching designing implementing managing software programstesting evaluating new programs,Software Programmer
Programmer Analyst,recruitment freshers post programmer analyst trainee htc global services 2018 2019 batch shorlisted candidates placed part,Software Programmer
PLC Programmer,duties primarily revolve around building software writing code well modifying software fix errors adapt new hardware improve,Software Programmer
Junior Software Programmer - .NET,ability understand develop software solutions meet end users requirementsthe boeing company currently seeking high performing versatile,Software Programmer
C# programmer with Unity 3D programming skills in Full VR”.,c# programmers minimum 1 year unity 3d developmentprogramming c# development unity 3d contentjob types fulltime contract,Software Programmer
PLC Programmer,software applications design engineering development electrical drawings control panels1knowledge programmable logic controllers plc,Software Programmer
PLC Programmer - Robotics and Automation,able plan software modules cad design stage visualize processes andminimum 5 years experience programming automation systems,Software Programmer
Junior Software Engineer (Experience 1.5 yrs to 3 yrs),php wordpress programmers write quality code timely scalable way improve codebase websites products,Software Programmer
PeopleSoft Analyst - Global Payroll,boeing innovators mission connect protect explore inspirefrom seabed outer space youll learn grow contributing,Software Programmer
PHP Programmer,integrate software components thirdparty programssoftware development 2 years preferred looking highly resourceful innovative,Software Programmer
Senior Statistical Programmer - Clinical Trials,deliver market innovative analytical software statistical analysis simulation bestinclass data science analytics services highend,Software Programmer
Software Programmer - .NET,helps modify upgrade applications maintain software functionalityhelps pocs gathering information designing software applications,Software Programmer
PeopleSoft Analyst - Technical,boeing innovators mission connect protect explore inspirefrom seabed outer space youll learn grow contributing,Software Programmer
PHP Programmer,minimum qualification either ug pg cs related computer equivalentpreferred 1 year experiences freshers also apply,Software Programmer
Software Programmer,experience 0 2 yearsnet aspnet reputed institutesolid experience developing database driven standalone well web based applications using c#,Software Programmer
Dot Net Programmer,candidate responsible development maintenance software productswe looking programmer analysts,Software Programmer
Programmer/Developer,proven experience software design ood methodologieswe opportunity c# experience html javascript web development frameworks,Software Programmer
Dot Net Programmer,software development 1 year preferred net jquery javascript crystal reports sql serversalary 180 00000 360 00000 year,Software Programmer
PHP Programmer,software development 1 year preferred looking php developer dedicated craft writes code proud hit,Software Programmer
Urgent openings for Software developer,software development 1 year preferred urgent requirement software developer fresher candidates2017 2020 apply,Software Programmer
Survey Programmer,knowledge surveytogo software preferredprogramming testing online surveys using company inhouse softwaresfirst point contact client,Software Programmer
Software Engineer (Unreal Engine),deploys tests software different vr platformsgood communicator enjoys collaboration programmers experienced ue3,Software Programmer
Software Engineer,familiarity real time software development2+ years experience software development microsoft technologiesbuilding applications winforms asp,Software Programmer
Senior SAS Programmer - Clinical Trials,deliver market innovative analytical software statistical analysis simulation bestinclass data science analytics services highend,Software Programmer
Job Opening for Freshers Matlab Developer,greetings dlk technologies pvt ltd hiring matlab developers matlab developers team chennaiwalkin 25feb2020 28fep2020,Software Programmer
Desktop Support Engineer,8maintenance business software applications10confers database programmers analysts system administrators,Software Programmer
"Software Developer (Java, J2EE)",programmer would tontpl requires java programmers development online web applications desktop applications,Software Programmer
Dot Net Programmer,lgorithm solution head office manila philippines offshore development center gurgaonnet mvc web api windows services ado,Software Programmer
Project Trainee/ Trainee programmer (5 No.),note latest software versionsposition project trainee trainee programmernumber openings 05 noqualification mca bsc msc bca,Software Programmer
Embedded software programmer – wireless applications,work part software development team role embedded software programmer wireless applications wifi bt lora nbiot etc,Software Programmer
Embedded Developer programmer,software development 1 year preferred urgent requirement post embedded developer programmer pune locationmale candidates preferred,Software Programmer
Java Developer,software development 1 year required need java developer minimum 1 year experience clear basic concepts java,Software Programmer
Trainee Programmers,industry type itsoftwaresoftware serviceskeywords c python six sigma pmp net html javascript sql oracle assembly language real time operating,Software Programmer
Technology Research & Editor,software programmer positionyou research various server software technologies available industryba bsc bcom btech mca,Software Programmer
NetSuite Programmer,managers discretion job duties may include limited followingprogramming administrative duties associated netsuite,Software Programmer
Java programmer,position title experienced java programmercandidates must hands experience design development software development lifecycle,Software Programmer
GUI Application Programmer,work closely designers engineers product part iterative design agile software development process,Software Programmer
Experience PHP Programmer,well versed code optimization software design principleswe looking experienced php programmer 1 4 yrs strong core php mysql mvc,Software Programmer
PHP Programmer,looking experienced php developers strong knowledge handing live complex projects good sql skillshtml 5 1 year preferred,Software Programmer
C / C++ programmer,software engineer systems solutions team person responsible design development coding testing debugging various c c++,Software Programmer
"Software Programmer,Software Developer",keywords c c php jhoomla magento drupal net java java developer web developer software developer webindustry type itsoftwaresoftware services,Software Programmer
PHP Programmer,software development 1 year preferred company looking php developers min 14 years experience new flutter nodejs team,Software Programmer
Software Principal Engineer,must active c programmer last yearshas adapted software independent hardware underlying asic asic supplied sdk,Software Programmer
Software Architect (RCS),good experience hardware softwarenominate team members training programmers projects accordance development plans,Software Programmer
Java Programmer,prepare produce releases software componentsdesign develop highvolume lowlatency applications missioncritical systems delivering high,Software Programmer
Dot Net Software Engineer,net programmer needs translating requirements functional codenet programmer must also least 2year experience using web application servers,Software Programmer
QA Tester,knowledge mobile landscape terms hardware softwareyoull work cutting edge technology need software hardware get job,Software Programmer
"Java Programmer, App Developer",skillset familiar software development maintenance life cycle large size development projectgood track record development maintenance java,Software Programmer
ABAP-HR Programmer,bcdinfo pvt ltd part almarai company established feb 2019working days sunday thursdayabap hr sap webdynopro workflow,Software Programmer
"Software Engineers, System Analysts, Software Developers...",software engineers system analysts software developers programmer analyst dbas business analysts605 coolidge drive folsom ca 95630,Software Programmer
Electrical Engineer,handson experience using design calculation softwareon daily basis youll carry various engineering tasks performing calculations,Software Programmer
Senior Statistical Programmer,coordinate activities programmers either internally externally assigned study project workyour responsibilities include limited,Software Programmer
Java with Microservices,experience systems analysis programming software applicationsthe applications development senior programmer analyst intermediate level,Software Programmer
iOS Programmer,working programmers already working different layers infrastructurewe looking someone good experience,Software Programmer
